yyyy,price,d12,e12,ret,retx,AAA,BAA,lty,ltr,corpr,tbl,Rfree,d/p,d/y,e/p,d/e,b/m,tms,dfy,dfr,infl,eqis,ntis,svar,cay,i/k,csp,pce,vp,impvar,vrp,govik,lzrt,skew,crdstd,ogap,wtexas,accrul,cfacc,sntm,ndrbl,skvw,tail,fbm,dtoy,dtoat,ygap,rdsp,rsvix,gpce,gip,tchi,house,avgcor,shtint,disag
1871,4.74,0.26,0.40,,,,,,,,,0.049610,0.054852,0.056034,0.084388,0.650000,,,,,,,,,,,,,,,,,,,,,,,,,,,,,,,,,,,,,,,,
1872,5.07,0.30,0.43,,,,,,,,,0.074134,0.059172,0.060606,0.084813,0.697674,,,,,,,,,,,,,,,,,,,,,,,,,,,,,,,,,,,,,,,,
1873,4.42,0.33,0.46,,,,,,,,,0.091715,0.074661,0.081683,0.104072,0.717391,,,,,,,,,,,,,,,,,,,,,,,,,,,,,,,,,,,,,,,,
1874,4.54,0.33,0.46,,,,,,,,,0.058314,0.072687,0.072210,0.101322,0.717391,,,,,,,,,,,,,,,,,,,,,,,,,,,,,,,,,,,,,,,,
1875,4.37,0.30,0.36,,,,,,,,,0.045897,0.068650,0.068650,0.082380,0.833333,,,,,,,,,,,,,,,,,,,,,,,,,,,,,,,,,,,,,,,,
1876,3.58,0.30,0.28,,,,,,,,,0.043973,0.083799,0.083333,0.078212,1.071429,,,,,,,,,,,,,,,,,,,,,,,,,,,,,,,,,,,,,,,,
1877,3.25,0.19,0.30,,,,,,,,,0.042278,0.058462,0.058282,0.092308,0.633333,,,,,,,,,,,,,,,,,,,,,,,,,,,,,,,,,,,,,,,,
1878,3.45,0.18,0.31,,,,,,,,,0.038657,0.052174,0.051873,0.089855,0.580645,,,,,,,,,,,,,,,,,,,,,,,,,,,,,,,,,,,,,,,,
1879,4.92,0.20,0.38,,,,,,,,,0.040892,0.040650,0.040568,0.077236,0.526316,,,,,,,,,,,,,,,,,,,,,,,,,,,,,,,,,,,,,,,,
1880,5.84,0.26,0.49,,,,,,,,,0.043404,0.044521,0.046346,0.083904,0.530612,,,,,,,,,,,,,,,,,,,,,,,,,,,,,,,,,,,,,,,,
1881,6.01,0.32,0.44,,,,,,,,,0.042232,0.053245,0.051696,0.073211,0.727273,,,,,,,,,,,,,,,,,,,,,,,,,,,,,,,,,,,,,,,,
1882,5.84,0.32,0.43,,,,,,,,,0.049152,0.054795,0.055077,0.073630,0.744186,,,,,,,,,,,,,,,,,,,,,,,,,,,,,,,,,,,,,,,,
1883,5.34,0.33,0.40,,,,,,,,,0.049154,0.061798,0.060440,0.074906,0.825000,,,,,,,,,,,,,,,,,,,,,,,,,,,,,,,,,,,,,,,,
1884,4.34,0.31,0.31,,,,,,,,,0.043679,0.071429,0.071264,0.071429,1.000000,,,,,,,,,,,,,,,,,,,,,,,,,,,,,,,,,,,,,,,,
1885,5.20,0.24,0.27,,,,,,,,,0.033202,0.046154,0.045802,0.051923,0.888889,,,,,,,,0.023739,,,,,,,,,,,,,,,,,,,,,,,,,,,,,,,,
1886,5.64,0.22,0.33,,,,,,,,,0.036061,0.039007,0.037997,0.058511,0.666667,,,,,,,,0.016459,,,,,,,,,,,,,,,,,,,,,,,,,,,,,,,,
1887,5.27,0.25,0.36,,,,,,,,,0.048302,0.047438,0.047170,0.068311,0.694444,,,,,,,,0.018298,,,,,,,,,,,,,,,,,,,,,,,,,,,,,,,,
1888,5.14,0.23,0.26,,,,,,,,,0.042261,0.044747,0.043893,0.050584,0.884615,,,,,,,,0.012851,,,,,,,,,,,,,,,,,,,,,,,,,,,,,,,,
1889,5.32,0.22,0.30,,,,,,,,,0.037429,0.041353,0.041121,0.056391,0.733333,,,,,,,,0.006874,,,,,,,,,,,,,,,,,,,,,,,,,,,,,,,,
1890,4.60,0.22,0.29,,,,,,,,,0.045899,0.047826,0.046709,0.063043,0.758621,,,,,,,,0.022621,,,,,,,,,,,,,,,,,,,,,,,,,,,,,,,,
1891,5.41,0.22,0.34,,,,,,,,,0.049378,0.040665,0.041905,0.062847,0.647059,,,,,,,,0.016124,,,,,,,,,,,,,,,,,,,,,,,,,,,,,,,,
1892,5.51,0.24,0.37,,,,,,,,,0.032520,0.043557,0.043088,0.067151,0.648649,,,,,,,,0.010886,,,,,,,,,,,,,,,,,,,,,,,,,,,,,,,,
1893,4.41,0.25,0.26,,,,,,,,,0.061334,0.056689,0.054705,0.058957,0.961538,,,,,,,,0.054584,,,,,,,,,,,,,,,,,,,,,,,,,,,,,,,,
1894,4.30,0.21,0.16,,,,,,,,,0.024408,0.048837,0.048387,0.037209,1.312500,,,,,,,,0.016739,,,,,,,,,,,,,,,,,,,,,,,,,,,,,,,,
1895,4.32,0.19,0.25,,,,,,,,,0.025668,0.043981,0.041394,0.057870,0.760000,,,,,,,,0.028690,,,,,,,,,,,,,,,,,,,,,,,,,,,,,,,,
1896,4.22,0.18,0.21,,,,,,,,,0.046288,0.042654,0.041096,0.049763,0.857143,,,,,,,,0.046433,,,,,,,,,,,,,,,,,,,,,,,,,,,,,,,,
1897,4.75,0.18,0.31,,,,,,,,,0.027567,0.037895,0.038710,0.065263,0.580645,,,,,,,,0.022752,,,,,,,,,,,,,,,,,,,,,,,,,,,,,,,,
1898,5.65,0.20,0.35,,,,,,,,,0.030143,0.035398,0.037594,0.061947,0.571429,,,,,,,,0.032424,,,,,,,,,,,,,,,,,,,,,,,,,,,,,,,,
1899,6.02,0.21,0.48,,,,,,,,,0.029507,0.034884,0.032508,0.079734,0.437500,,,,,,,,0.027097,,,,,,,,,,,,,,,,,,,,,,,,,,,,,,,,
1900,6.87,0.30,0.48,,,,,,,,,0.037767,0.043668,0.046296,0.069869,0.625000,,,,,,,,0.017160,,,,,,,,,,,,,,,,,,,,,,,,,,,,,,,,
1901,7.95,0.32,0.50,,,,,,,,,0.034588,0.040252,0.039604,0.062893,0.640000,,,,,,,,0.037293,,,,,,,,,,,,,,,,,,,,,,,,,,,,,,,,
1902,8.05,0.33,0.63,,,,,,,,,0.039023,0.040994,0.040049,0.078261,0.523810,,,,,,,,0.013393,,,,,,,,,,,,,,,,,,,,,,,,,,,,,,,,
1903,6.57,0.35,0.53,,,,,,,,,0.046701,0.053272,0.055732,0.080670,0.660377,,,,,,,,0.024746,,,,,,,,,,,,,,,,,,,,,,,,,,,,,,,,
1904,8.25,0.31,0.49,,,,,,,,,0.037016,0.037576,0.037944,0.059394,0.632653,,,,,,,,0.012669,,,,,,,,,,,,,,,,,,,,,,,,,,,,,,,,
1905,9.54,0.33,0.67,,,,,,,,,0.033000,0.034591,0.035446,0.070231,0.492537,,,,,,,,0.015637,,,,,,,,,,,,,,,,,,,,,,,,,,,,,,,,
1906,9.84,0.40,0.76,,,,,,,,,0.047180,0.040650,0.040282,0.077236,0.526316,,,,,,,,0.017092,,,,,,,,,,,,,,,,,,,,,,,,,,,,,,,,
1907,6.57,0.44,0.66,,,,,,,,,0.051266,0.066971,0.070400,0.100457,0.666667,,,,,,,,0.047979,,,,,,,,,,,,,,,,,,,,,,,,,,,,,,,,
1908,9.03,0.40,0.58,,,,,,,,,0.042991,0.044297,0.045300,0.064230,0.689655,,,,,,,,0.020052,,,,,,,,,,,,,,,,,,,,,,,,,,,,,,,,
1909,10.30,0.44,0.76,,,,,,,,,0.028697,0.042718,0.043222,0.073786,0.578947,,,,,,,,0.010035,,,,,,,,,,,,,,,,,,,,,,,,,,,,,,,,
1910,9.05,0.47,0.73,,,,,,,,,0.040689,0.051934,0.050483,0.080663,0.643836,,,,,,,,0.018908,,,,,,,,,,,,,,,,,,,,,,,,,,,,,,,,
1911,9.11,0.47,0.59,,,,,,,,,0.033204,0.051592,0.051819,0.064764,0.796610,,,,,,,,0.007784,,,,,,,,,,,,,,,,,,,,,,,,,,,,,,,,
1912,9.38,0.48,0.70,,,,,,,,,0.036837,0.051173,0.049332,0.074627,0.685714,,,,,,,,0.006454,,,,,,,,,,,,,,,,,,,,,,,,,,,,,,,,
1913,8.04,0.48,0.63,,,,,,,,,0.048444,0.059701,0.059627,0.078358,0.761905,,,,,,,,0.010675,,,,,,,,,,,,,,,,,,,,,,,,,,,,,,,,
1914,7.35,0.42,0.52,,,,,,,,,0.040743,0.057143,0.054688,0.070748,0.807692,,,,,0.010000,,,0.011601,,,,,,,,,,,,,,,,,,,,,,,,,,,,,,,,
1915,9.48,0.43,0.88,,,,,,,,,0.028425,0.045359,0.045455,0.092827,0.488636,,,,,0.019802,,,0.019105,,,,,,,,,,,,,,,,,,,,,,,,,,,,,,,,
1916,9.80,0.56,1.53,,,,,,,,,0.025152,0.057143,0.054848,0.156122,0.366013,,,,,0.126214,,,0.017832,,,,,,,,,,,,,,,,,,,,,,,,,,,,,,,,
1917,6.80,0.69,1.28,,,,,,,,,0.036474,0.101471,0.098011,0.188235,0.539063,,,,,0.181034,,,0.035562,,,,,,,,,,,,,,,,,,,,,,,,,,,,,,,,
1918,7.90,0.57,0.99,,,,,,,,,0.048008,0.072152,0.070720,0.125316,0.575758,,,,,0.204380,,,0.015361,,,,,,,,,,,,,,,,,,,,,,,,,,,,,,,,
1919,8.92,0.53,0.93,,,0.0573,0.0777,0.0490,,,,0.045351,0.059417,0.057671,0.104260,0.569892,,,0.020400,,0.145455,,,0.024541,,,,,,,,,,,,,,,,,,,,,,,,,,,,,,,,
1920,6.81,0.51,0.80,,,0.0626,0.0856,0.0540,,,0.0588,0.053759,0.074890,0.068182,0.117474,0.637500,,-0.004800,0.023000,,0.026455,,,0.033408,,,,,,,,,,,,,,,,,,,,,,,,,,,,,,,,
1921,7.31,0.46,0.29,,,0.0550,0.0761,0.0447,,,0.0390,0.053540,0.062927,0.065156,0.039672,1.586207,0.596535,0.005700,0.021100,,-0.108247,,,0.019019,,,,,,,,,,,,,,,,,,,,,,,,,,,,,,,,
1922,8.78,0.51,0.69,,,0.0508,0.0702,0.0432,,,0.0365,0.035564,0.058087,0.057955,0.078588,0.739130,0.472649,0.006700,0.019400,,-0.023121,,,0.014713,,,,,,,,,,,,,,,,,,,,,,,,,,,,,,,,
1923,8.55,0.53,0.98,,,0.0509,0.0738,0.0435,,,0.0388,0.039625,0.061988,0.064087,0.114620,0.540816,0.540201,0.004700,0.022900,,0.023669,,,0.015697,,,,,,,,,,,,,,,,,,,,,,,,,,,,,,,,
1924,10.16,0.55,0.93,,,0.0495,0.0646,0.0396,,,0.0257,0.030409,0.054134,0.057054,0.091535,0.591398,0.458883,0.013900,0.015100,,0.000000,,,0.010722,,,,,,,,,,,,,,,,,,,,,,,,,,,,,,,,
1925,12.46,0.60,1.25,,,0.0485,0.0615,0.0380,,,0.0351,0.028754,0.048154,0.048940,0.100321,0.480000,0.389378,0.002900,0.013000,,0.034682,,,0.013529,,,,,,,,,,,,,,,,,,,,,,,,,,,,,,,,
1926,13.49,0.69,1.24,0.122005,0.066031,0.0468,0.0568,0.0354,0.0777,0.0737,0.0307,0.032898,0.051149,0.051997,0.091920,0.556452,0.441476,0.004700,0.010000,-0.003951,-0.011173,,0.050876,0.016486,,,,,,,,,-1.553071,,,0.367276,-0.045455,,,,,0.096324,0.564030,0.583709,0.946190,0.946190,,0.039833,,,0.010782,,,0.228929,,
1927,17.66,0.77,1.11,0.358792,0.294560,0.0446,0.0532,0.0316,0.0894,0.0744,0.0317,0.030390,0.043601,0.044432,0.062854,0.693694,0.374689,-0.000100,0.008600,-0.015012,-0.022599,0.265512,0.076471,0.009419,,,,,,,,,-1.689068,,,0.258938,0.047170,,,,,0.101323,0.473359,0.578027,0.998855,0.998855,,0.059630,,,-0.030085,,,0.219392,,
1928,24.35,0.85,1.38,0.388440,0.333131,0.0461,0.0560,0.0340,0.0008,0.0284,0.0426,0.037847,0.034908,0.035008,0.056674,0.615942,0.259667,-0.008600,0.009900,0.027584,-0.011561,0.497429,0.063069,0.019799,,,,,,,,,-1.940990,,,0.349235,0.045467,,,,,-0.002884,0.411018,0.153228,1.000000,1.000000,,0.062303,,,0.050585,,,0.247871,,
1929,21.45,0.97,1.61,-0.088347,-0.121345,0.0467,0.0595,0.0340,0.0341,0.0327,0.0303,0.046385,0.045221,0.046367,0.075058,0.602484,0.338458,0.003700,0.012800,-0.001369,0.005848,0.720593,0.163522,0.124614,,,,,,,,,-1.796712,,,0.231456,0.000000,,,,,0.015004,0.491608,0.385008,0.651888,0.651888,,0.092711,,,-0.070696,,-0.248477,0.599362,,
1930,15.34,0.98,0.97,-0.263029,-0.295861,0.0452,0.0671,0.0330,0.0464,0.0798,0.0148,0.024314,0.063885,0.059143,0.063233,1.010309,0.554745,0.018200,0.021900,0.033321,-0.063953,0.307847,0.113886,0.066649,,,,,,,,,-1.525002,,,-0.059659,-0.038961,,,,,0.115589,0.519420,-0.080131,0.559663,0.431776,,0.079325,,,-0.068048,,-0.259306,0.470747,,
1931,8.12,0.82,0.61,-0.455253,-0.489204,0.0532,0.1042,0.0407,-0.0532,-0.0185,0.0241,0.009682,0.100985,0.086316,0.075123,1.344262,1.170732,0.016600,0.051000,0.034648,-0.093168,0.144665,-0.012921,0.159403,,,,,,,,,-1.326126,,,-0.286126,-0.030769,,,,,0.165795,0.492428,-1.424134,0.400803,0.204371,,0.092151,,,-0.088849,,-0.281164,0.584584,,
1932,6.89,0.50,0.41,-0.088907,-0.148369,0.0459,0.0842,0.0315,0.1685,0.1082,0.0004,0.012620,0.072569,0.076336,0.059507,1.219512,1.442084,0.031100,0.038300,-0.060250,-0.102740,0.037267,-0.005032,0.307452,,,,,,,,,-1.114092,,,-0.471724,0.000000,,,,,0.074595,0.542250,0.062649,0.678756,0.158092,,0.119122,,,0.079435,,-0.305591,0.562492,,
1933,10.10,0.44,0.44,0.532512,0.472273,0.0450,0.0775,0.0336,-0.0007,0.1038,0.0029,0.003726,0.043564,0.044534,0.043564,1.000000,0.829026,0.030700,0.032500,0.104454,0.007634,0.401055,0.006196,0.221817,,,,,,,,,-1.502601,,,-0.352752,0.000000,,,,,0.103713,0.442036,-0.049660,0.907978,0.258861,,0.090982,,,-0.132071,,-0.285280,0.536199,,
1934,9.50,0.45,0.49,-0.024842,-0.061886,0.0381,0.0623,0.0293,0.1001,0.1384,0.0023,0.002227,0.047368,0.047170,0.051579,0.918367,0.773741,0.027000,0.024200,0.038284,0.015152,0.071283,0.020813,0.066592,,,,,,,,,-1.410985,,,-0.308028,-0.109505,,,,,0.108914,0.482486,0.448614,0.939498,0.272949,,0.059967,,,0.028668,,-0.248345,0.293760,,
1935,13.43,0.47,0.76,0.456331,0.399691,0.0344,0.0530,0.0276,0.0500,0.0961,0.0015,0.001826,0.034996,0.036293,0.056590,0.618421,0.559911,0.026100,0.018600,0.046188,0.029851,0.066196,0.008689,0.035507,,,,,,,,,-1.633659,,,-0.151488,0.051900,,,,,0.114062,0.465231,0.274940,0.970965,0.378125,,0.079137,,,0.079883,,-0.232309,0.278523,,
1936,17.18,0.72,1.02,0.334178,0.279453,0.0310,0.0453,0.0255,0.0750,0.0674,0.0012,0.001776,0.041909,0.041667,0.059371,0.705882,0.458588,0.024300,0.014300,-0.007515,0.014493,0.120577,0.025225,0.031256,,,,,,,,,-1.728437,,,-0.011077,0.009796,,,,,0.078547,0.403578,0.404607,0.972958,0.471968,,0.060696,,,0.061963,,-0.217684,0.289809,,
1937,10.55,0.80,1.13,-0.359935,-0.394225,0.0321,0.0573,0.0273,0.0023,0.0275,0.0011,0.002928,0.075829,0.072007,0.107109,0.707965,0.707489,0.026200,0.025200,0.025141,0.028571,0.312372,0.031775,0.099633,,,0.002833,,,,,,-1.541531,,,-0.347754,-0.063830,,,,,0.017905,0.449715,0.530795,0.621656,0.317050,,0.068716,,,-0.179631,,-0.213824,0.542733,,
1938,13.21,0.51,0.64,0.293084,0.242537,0.0308,0.0527,0.0252,0.0551,0.0613,0.0003,0.000800,0.038607,0.040063,0.048448,0.796875,0.572039,0.024900,0.021900,0.006208,-0.027778,0.044923,0.005722,0.112143,,,0.004167,,,,,,-1.518621,,,-0.252828,0.000000,,,,,0.083095,0.547497,0.223946,0.976468,0.404964,,0.062128,,,0.095305,,-0.230226,0.340370,,
1939,12.49,0.62,0.90,-0.011042,-0.056695,0.0294,0.0492,0.0226,0.0595,0.0397,0.0004,0.000575,0.049640,0.050820,0.072058,0.688889,0.580705,0.022200,0.019800,-0.019834,0.000000,0.085490,0.002551,0.066420,,,0.006074,,,,,,-1.366909,,,-0.102061,0.041667,,,,,0.087124,0.542512,0.096586,0.961968,0.393499,,0.055309,,,0.115651,,-0.229244,0.250358,,
1940,10.58,0.67,1.05,-0.097792,-0.151700,0.0271,0.0445,0.0194,0.0609,0.0339,0.0002,0.000525,0.063327,0.063148,0.099244,0.638095,0.729048,0.019200,0.017400,-0.026982,0.007143,0.118712,0.012589,0.048050,,,0.004262,,,,,,-1.319435,,,-0.030869,0.064697,,,,,0.030474,0.566763,0.420782,0.858181,0.344020,,0.045138,,,0.059118,,-0.226406,0.319077,,
1941,8.69,0.71,1.16,-0.113972,-0.176768,0.0280,0.0438,0.0204,0.0093,0.0273,0.0033,0.000875,0.081703,0.078022,0.133487,0.612069,0.889510,0.017100,0.015800,0.017996,0.099291,0.114209,0.010343,0.022472,,,0.003447,,,,,,-1.476217,,,0.110281,0.000000,,,,,0.042130,0.513481,0.074605,0.830601,0.291104,,0.058705,,,0.021949,,-0.215565,0.330718,,
1942,9.77,0.59,1.03,0.209609,0.129991,0.0281,0.0428,0.0246,0.0322,0.0260,0.0038,0.003329,0.060389,0.063509,0.105425,0.572816,0.862647,0.020800,0.014700,-0.006197,0.090323,0.123800,0.001812,0.018051,,,0.005101,,,,,,-1.242438,,,0.240031,0.000000,,,,,0.073057,0.553000,0.627118,0.998662,0.313246,,0.044246,,,0.084210,,-0.202837,0.187628,,
1943,11.67,0.61,0.94,0.266659,0.203313,0.0274,0.0382,0.0248,0.0209,0.0283,0.0038,0.003805,0.052271,0.055354,0.080548,0.648936,0.787402,0.021000,0.010800,0.007447,0.029586,0.164306,0.014423,0.016087,,,0.001962,,,,,,-1.402982,,,0.337808,0.000000,,,,,0.103861,0.432757,0.260412,0.931902,0.356508,,0.041782,,,0.043651,,-0.186589,0.308690,,
1944,13.28,0.64,0.93,0.211634,0.151353,0.0270,0.0349,0.0246,0.0282,0.0473,0.0038,0.003805,0.048193,0.049883,0.070030,0.688172,0.743764,0.020800,0.007900,0.019171,0.022989,0.164524,0.019062,0.008400,,,0.003522,,,,,,-1.463287,,,0.293134,0.000000,,,,,0.084354,0.350978,-0.067599,0.997702,0.398589,,0.048094,,,-0.003231,,-0.178526,0.201678,,
1945,17.36,0.66,0.96,0.366645,0.309747,0.0261,0.0310,0.0199,0.1073,0.0408,0.0038,0.003805,0.038018,0.038394,0.055300,0.687500,0.613239,0.016100,0.004900,-0.066552,0.022472,0.211740,0.025525,0.015969,-0.052604,,0.004328,,,,,,-1.838242,,,-0.071077,0.000000,,,,,-0.001335,0.305235,-0.040243,0.985139,0.506100,,0.033732,,,-0.110812,,-0.168225,0.252703,,
1946,15.30,0.71,1.06,-0.092797,-0.128428,0.0261,0.0317,0.0212,-0.0008,0.0172,0.0038,0.003805,0.046405,0.048398,0.069281,0.669811,0.692438,0.017400,0.005600,0.018071,0.181319,0.318482,0.036076,0.046371,0.057512,,0.001781,,,,,,-1.746280,,,-0.005741,0.000000,,,,,0.100992,0.320722,0.158042,0.833882,0.464884,,0.036619,,,0.049788,,-0.161187,0.414458,,
1947,15.30,0.84,1.61,0.049091,-0.006500,0.0286,0.0352,0.0243,-0.0263,-0.0234,0.0095,0.004858,0.054902,0.056037,0.105229,0.521739,0.725326,0.014800,0.006600,0.002911,0.088372,0.239630,0.025922,0.019339,0.077723,0.034613,0.004761,,,,,0.042045,-1.587991,,,0.000629,0.028000,,,,,0.044715,0.356385,0.233286,0.969548,0.475274,,0.039228,,-0.012727,0.027327,,-0.162314,0.200286,,
1948,15.20,0.93,2.29,0.052582,-0.008405,0.0279,0.0353,0.0237,0.0339,0.0414,0.0116,0.010138,0.061184,0.063051,0.150658,0.406114,0.840948,0.012100,0.007400,0.007509,0.029915,0.157140,0.015015,0.022100,0.053876,0.034895,0.001633,,,,,0.052212,-1.451957,,,-0.044852,0.000000,,,,,0.069464,0.353007,0.230320,0.917892,0.465147,,0.036424,,0.006484,-0.010449,,-0.170370,0.437021,,
1949,16.76,1.14,2.32,0.180574,0.097705,0.0258,0.0331,0.0209,0.0644,0.0331,0.0110,0.011474,0.068019,0.070984,0.138425,0.491379,0.796429,0.009900,0.007300,-0.031303,-0.020747,0.191869,0.027176,0.012306,0.050736,0.029348,0.004252,,,,,0.062423,-1.444517,,,-0.128094,0.000000,,,,,0.037091,0.340426,0.178596,1.000000,0.526064,,0.037034,,0.003246,-0.004632,,-0.186010,0.170226,,
1950,20.41,1.47,2.84,0.329458,0.230299,0.0267,0.0320,0.0224,0.0005,0.0212,0.0134,0.011726,0.072024,0.075346,0.139147,0.517606,0.722538,0.009000,0.005300,0.020647,0.059322,0.227023,0.031358,0.021461,0.003779,0.034445,0.005663,,,,,0.054877,-1.717984,,,0.042527,0.000000,,,,,0.024319,0.332315,0.059735,0.999788,0.617625,,0.051567,,-0.008451,0.017253,,-0.196438,0.392238,,
1951,23.77,1.41,2.44,0.234251,0.160198,0.0301,0.0361,0.0269,-0.0394,-0.0269,0.0173,0.014629,0.059318,0.061626,0.102650,0.577869,0.721316,0.009600,0.006000,0.012519,0.060000,0.264824,0.036151,0.012182,0.003907,0.032642,0.004147,,,,,0.064095,-1.406022,-1.474896,,-0.001612,0.000000,,,,,0.055199,0.342446,0.149564,0.974165,0.706325,,0.022217,,0.000989,0.006896,-0.504039,-0.198451,0.278641,,
1952,26.57,1.41,2.40,0.189422,0.122797,0.0297,0.0351,0.0279,0.0117,0.0352,0.0209,0.016931,0.053067,0.054949,0.090327,0.587500,0.694073,0.007000,0.005400,0.023516,0.007547,0.202497,0.026535,0.006590,-0.000656,0.032668,0.003446,,,,,0.057557,-1.426581,-0.791406,,0.063138,0.000000,,,,,0.082202,0.359354,0.180704,0.999658,0.765800,,0.027274,,0.009628,0.071573,0.807148,-0.206771,0.209102,,
1953,24.81,1.45,2.51,-0.017075,-0.073017,0.0313,0.0374,0.0274,0.0363,0.0341,0.0160,0.020150,0.058444,0.058562,0.101169,0.577689,0.759701,0.011400,0.006100,-0.002144,0.007491,0.203978,0.024822,0.008279,-0.019503,0.034004,0.002793,-0.044568,,,,0.055111,-1.384899,-0.811956,,-0.030460,0.000000,,,,,0.062024,0.402246,0.206870,0.956125,0.736942,-2.316534,0.029280,,-0.009000,-0.047139,0.563853,-0.216860,0.169241,,
1954,35.98,1.54,2.77,0.526483,0.449937,0.0290,0.0345,0.0272,0.0718,0.0539,0.0115,0.010742,0.042802,0.044977,0.076987,0.555957,0.604120,0.015700,0.005500,-0.017918,-0.007435,0.213197,0.026993,0.008390,0.007086,0.032553,0.002845,-0.042395,,,,0.049156,-1.737757,0.664239,,-0.039671,0.000000,,,,,0.085742,0.337565,0.221539,1.000000,1.000000,-2.588906,0.050162,,0.008883,0.027749,1.070281,-0.226311,0.219704,,
1955,45.48,1.64,3.62,0.312982,0.257908,0.0315,0.0362,0.0295,-0.0128,0.0048,0.0254,0.014855,0.036060,0.036036,0.079595,0.453039,0.509828,0.004100,0.004700,0.017632,0.003745,0.275391,0.025245,0.021620,-0.009458,0.036593,0.000244,0.002171,,,,0.044844,-1.579603,-0.964593,,0.040149,0.000000,,,,,0.085412,0.365663,-0.028393,1.000000,1.000000,-2.559969,0.028561,,0.015103,0.023747,1.070281,-0.229559,0.289730,,
1956,46.67,1.74,3.41,0.064274,0.021809,0.0375,0.0437,0.0345,-0.0559,-0.0681,0.0321,0.025540,0.037283,0.038598,0.073066,0.510264,0.544177,0.002400,0.006200,-0.012204,0.029851,0.268489,0.026149,0.013890,-0.017590,0.035562,0.000970,-0.014782,,,,0.045232,-1.610188,0.677435,,0.030684,0.000000,,,,,0.118308,0.353404,0.308493,0.958584,0.958584,-2.651660,0.033507,,0.006301,0.036488,-1.646033,-0.231526,0.329678,,
1957,39.99,1.79,3.37,-0.108148,-0.147014,0.0381,0.0503,0.0323,0.0747,0.0871,0.0304,0.033180,0.044761,0.042905,0.084271,0.531157,0.653676,0.001900,0.012200,0.012471,0.028986,0.227001,0.034873,0.017547,-0.012732,0.034134,0.000668,-0.033365,,,,0.045315,-1.608235,-0.829598,,-0.082447,0.023333,,,,,0.057591,0.346511,-0.060710,0.836627,0.836177,-2.505312,0.047657,,0.000437,-0.042146,-2.667391,-0.233369,0.468360,,
1958,55.21,1.75,2.89,0.437417,0.382753,0.0408,0.0485,0.0382,-0.0611,-0.0222,0.0277,0.019151,0.031697,0.033346,0.052346,0.605536,0.511779,0.010500,0.007700,0.038892,0.017606,0.164835,0.023687,0.008489,0.010228,0.030798,0.001586,-0.058792,,,,0.046673,-1.775326,-0.451899,,-0.072010,0.000000,,,,-0.001222,0.158979,0.332368,0.329818,1.000000,1.000000,-2.987761,0.036845,,0.004493,0.045037,1.070281,-0.238086,0.235638,,
1959,59.89,1.83,3.39,0.124008,0.088055,0.0458,0.0528,0.0447,-0.0227,-0.0097,0.0449,0.032434,0.030556,0.031400,0.056604,0.539823,0.457784,-0.000200,0.007000,0.012996,0.017301,0.262440,0.022856,0.008449,0.007803,0.032552,0.000975,-0.005986,,,,0.042672,-1.802250,-1.145185,,-0.028773,0.000000,,,,-0.026319,0.090481,0.324090,0.487445,1.000000,1.000000,-2.917513,0.029527,,0.005716,0.004785,0.796018,-0.240884,0.129039,,
1960,58.11,1.95,3.27,0.005901,-0.028461,0.0435,0.0510,0.0380,0.1379,0.0907,0.0225,0.032224,0.033557,0.035110,0.056273,0.596330,0.550423,0.015500,0.007500,-0.047269,0.013605,0.204156,0.022761,0.010161,0.013062,0.032436,-0.001363,-0.054396,,,,0.043764,-1.738139,0.587012,,-0.133135,0.000000,,,,-0.021545,0.122909,0.341099,0.630404,0.898493,0.898493,-2.915229,0.026918,,0.002763,-0.024106,0.833365,-0.246511,0.182171,,
1961,71.55,2.02,3.19,0.271070,0.233555,0.0442,0.0510,0.0415,0.0097,0.0482,0.0260,0.023326,0.028232,0.028323,0.044584,0.633229,0.505922,0.015500,0.006800,0.038505,0.006711,0.284412,0.022324,0.006488,0.015326,0.033052,-0.002211,-0.060901,,,,0.045387,-1.837880,-0.682749,,-0.055267,0.000000,,,,0.029926,0.018588,0.324929,0.488768,0.994870,0.994870,-3.150173,0.036326,,0.012027,0.035067,1.070281,-0.252012,0.090305,,
1962,63.10,2.13,3.67,-0.087482,-0.118394,0.0424,0.0492,0.0395,0.0688,0.0795,0.0287,0.027351,0.033756,0.034211,0.058162,0.580381,0.591627,0.010800,0.006800,0.010621,0.013333,0.162167,0.019968,0.028545,0.009824,0.033735,-0.002797,-0.044321,,,,0.044248,-1.718050,-0.628188,,-0.060889,0.000000,,,,0.080160,0.053439,0.460393,0.135175,0.898197,0.887320,-2.882403,0.029344,,0.006238,0.008443,0.292198,-0.256243,0.338107,,
1963,75.02,2.28,4.02,0.226863,0.187767,0.0435,0.0485,0.0417,0.0121,0.0219,0.0352,0.030671,0.030392,0.031135,0.053586,0.567164,0.525591,0.006500,0.005000,0.009805,0.016447,0.111474,0.008955,0.007413,0.009592,0.035557,-0.001497,-0.027351,,,,0.045022,-1.643365,0.696048,,-0.033279,0.000000,,,,-0.018160,0.071205,0.452347,0.141343,0.994447,0.994447,-2.966943,0.024292,,0.005155,0.016905,0.799528,-0.258736,0.272869,,
1964,84.75,2.50,4.55,0.166793,0.131852,0.0444,0.0481,0.0423,0.0351,0.0477,0.0384,0.035642,0.029499,0.029614,0.053687,0.549451,0.487227,0.003900,0.003700,0.012606,0.009709,0.221466,0.023095,0.002795,-0.003204,0.037453,-0.002381,-0.006571,,,,0.044189,-1.645959,-0.730147,,0.013411,0.000000,,,,0.033797,0.054740,0.462713,0.214034,0.980285,0.980285,-2.965528,0.020085,,0.006591,0.015151,1.070281,-0.255501,0.108992,,
1965,92.43,2.72,5.19,0.126104,0.092225,0.0468,0.0502,0.0450,0.0070,-0.0046,0.0438,0.039291,0.029428,0.029691,0.056151,0.524085,0.430638,0.001200,0.003400,-0.011587,0.019231,0.142071,0.020838,0.004589,-0.008806,0.042051,-0.000813,0.017255,,,,0.044770,-1.899196,0.868010,,0.067968,0.000000,-0.052552,0.186256,-0.456898,0.057770,0.067225,0.417588,0.080171,1.000000,1.000000,-2.924882,0.032153,,0.019871,0.020232,1.070281,-0.252027,0.066459,,
1966,80.33,2.87,5.55,-0.101956,-0.132076,0.0539,0.0618,0.0455,0.0365,0.0020,0.0496,0.047937,0.035728,0.035674,0.069090,0.517117,0.576945,-0.004100,0.007900,-0.034497,0.034591,0.139047,0.017208,0.013935,-0.016587,0.042055,-0.000050,0.049703,,,,0.044593,-1.811669,-0.977792,,0.093955,0.000000,-0.045315,0.156942,-0.224246,0.013740,0.038156,0.390963,0.153618,0.789519,0.789519,-2.719610,0.024735,,0.003613,0.009555,-2.667391,-0.246076,0.214369,,
1967,96.47,2.92,5.33,0.239615,0.201048,0.0619,0.0693,0.0556,-0.0918,-0.0495,0.0497,0.043643,0.030268,0.031064,0.055250,0.547842,0.525792,0.005900,0.007400,0.042259,0.030395,0.114687,0.014361,0.006989,-0.029634,0.039525,0.002952,0.039684,,,,0.041866,-2.006846,-0.181226,,0.093325,0.000000,-0.065128,0.162243,-0.016798,0.048480,0.054797,0.308394,0.014280,0.959738,0.909521,-2.951316,0.040508,,0.004275,0.026759,1.070281,-0.246547,0.121142,,
1968,103.86,3.07,5.76,0.108266,0.074332,0.0645,0.0723,0.0598,-0.0026,0.0257,0.0596,0.053152,0.029559,0.028329,0.055459,0.532986,0.504901,0.000200,0.007800,0.028313,0.047198,0.208641,0.031961,0.007399,-0.032203,0.039522,0.002348,0.060934,,,,0.040013,-2.216021,-0.771567,,0.101912,0.000000,-0.074575,0.171312,-0.099073,0.023482,0.034773,0.302431,0.111248,0.957918,0.948349,-2.950658,0.029045,,0.005010,0.015185,1.070281,-0.242467,0.075520,,
1969,92.06,3.16,5.78,-0.083187,-0.113055,0.0772,0.0865,0.0687,-0.0507,-0.0809,0.0782,0.065314,0.034325,0.033685,0.062785,0.546713,0.651082,-0.009500,0.009300,-0.030168,0.061972,0.313951,0.034274,0.010015,-0.031939,0.039303,0.000822,0.063171,,,,0.034471,-1.971086,0.970507,,0.084085,0.000000,-0.053681,0.146267,-0.180334,-0.013518,0.055248,0.309228,0.190080,0.826093,0.804261,-2.841752,0.032806,,0.007756,-0.006268,-2.667391,-0.242574,0.177908,,
1970,92.15,3.14,5.13,0.039871,0.001637,0.0764,0.0912,0.0648,0.1210,0.1837,0.0487,0.069880,0.034075,0.036009,0.055670,0.612086,0.646426,0.016100,0.014800,0.062692,0.055703,0.222884,0.031462,0.023043,-0.042255,0.035649,0.001513,0.038668,,,,0.033194,-1.835202,-0.528279,,0.011413,0.062305,-0.036352,0.119822,0.194670,0.014812,0.022018,0.327495,0.241287,0.996342,0.843009,-2.950253,0.028295,,0.003604,-0.021618,1.070281,-0.240815,0.178821,,
1971,102.09,3.07,5.70,0.144510,0.109119,0.0725,0.0838,0.0597,0.1324,0.1101,0.0401,0.044959,0.030072,0.032663,0.055833,0.538596,0.643900,0.019600,0.011300,-0.022241,0.032663,0.287447,0.034023,0.010462,-0.055290,0.035801,0.002254,0.005501,,,,0.030931,-1.880437,0.878966,,0.026830,0.000000,-0.052813,0.140917,-0.260134,0.009137,0.047661,0.353345,0.169348,0.936245,0.894539,-2.942997,0.029720,,0.009921,0.023178,-1.352914,-0.246881,0.244042,,
1972,118.05,3.15,6.42,0.191171,0.157629,0.0708,0.0793,0.0599,0.0568,0.0726,0.0507,0.041401,0.026684,0.026999,0.054384,0.490654,0.595675,0.009200,0.008500,0.015773,0.034063,0.311295,0.034203,0.006362,-0.048241,0.038139,0.000311,0.048819,,,,0.030320,-1.766004,0.419596,,0.102106,0.000000,-0.044883,0.139059,-0.668543,0.055676,0.055137,0.373903,0.187903,0.984319,0.984319,-2.973350,0.024382,,0.015514,0.034593,1.070281,-0.247555,0.170034,,
1973,97.55,3.38,8.16,-0.147966,-0.174879,0.0768,0.0848,0.0726,-0.0111,0.0114,0.0745,0.068263,0.034649,0.035223,0.083649,0.414216,0.755588,-0.001900,0.008000,0.022499,0.087059,0.333084,0.013007,0.025069,-0.058948,0.039821,-0.000640,0.037373,,,,0.029542,-1.840513,0.679342,,0.116892,0.190252,-0.027606,0.133385,-0.665398,0.062420,0.031604,0.394341,0.110016,0.809033,0.809033,-2.546347,0.048142,,-0.000967,0.015003,-2.667391,-0.245218,0.339224,0.067761,
1974,68.56,3.60,8.89,-0.264262,-0.296619,0.0889,0.1063,0.0760,0.0434,-0.0306,0.0715,0.080761,0.052509,0.051451,0.129667,0.404949,1.120018,0.004500,0.017400,-0.074044,0.123377,0.163064,0.008772,0.048043,-0.047780,0.036229,-0.000830,-0.009426,,,,0.028993,-1.434179,-1.256427,,-0.004451,0.010682,-0.004045,0.104947,-0.128378,-0.054358,0.056036,0.445862,0.119522,0.691115,0.585947,-2.114452,0.034625,,-0.000171,-0.039898,-2.667391,-0.242077,0.394295,-1.129175,
1975,90.19,3.68,7.96,0.369625,0.313659,0.0879,0.1056,0.0805,0.0919,0.1464,0.0544,0.062403,0.040803,0.040333,0.088258,0.462312,0.876339,0.026100,0.017700,0.054574,0.069364,0.202600,0.023712,0.024263,-0.046257,0.032916,-0.000465,-0.003010,,,,0.030733,-1.449344,-0.890063,,-0.027525,-0.008895,-0.060229,0.144267,-0.623483,-0.025556,-0.029856,0.469140,-0.072818,0.966659,0.810507,-2.504451,0.019802,,0.007101,0.021751,0.825204,-0.241917,0.299889,-0.845477,
1976,107.46,4.05,9.91,0.239160,0.191175,0.0798,0.0912,0.0721,0.1676,0.1865,0.0435,0.053360,0.037688,0.039667,0.092220,0.408678,0.779973,0.028600,0.011400,0.018824,0.048649,0.207928,0.028567,0.012467,-0.036061,0.034312,-0.001123,0.018654,,,,0.027996,-1.523552,-0.827748,,0.017560,0.005979,-0.044379,0.134484,-0.340043,0.034653,0.044918,0.472058,0.060372,0.990008,0.955263,-2.450017,0.024714,,0.010160,0.018116,-0.504039,-0.241637,0.274458,-1.004201,
1977,95.10,4.67,10.89,-0.074266,-0.116925,0.0819,0.0899,0.0803,-0.0070,0.0171,0.0607,0.050371,0.049106,0.049246,0.114511,0.428834,0.960333,0.019600,0.008000,0.024086,0.067010,0.218936,0.030475,0.008260,-0.030073,0.036853,-0.001834,0.018961,,,,0.028266,-1.456428,-0.535998,,0.044088,0.000000,-0.039737,0.127606,-0.480381,0.057818,0.017050,0.472279,-0.069096,0.831378,0.790311,-2.241171,0.018067,,0.009824,0.006403,-2.422314,-0.244901,0.296701,-0.639973,
1978,96.11,5.07,12.33,0.064115,0.009448,0.0916,0.0994,0.0898,-0.0117,-0.0007,0.0908,0.069064,0.052752,0.053537,0.128291,0.411192,1.045701,-0.001000,0.007800,0.010955,0.090177,0.219449,0.014851,0.015801,-0.028064,0.040576,-0.001548,-0.008904,,,,0.032046,-1.619367,-0.498952,,0.080071,0.019529,-0.036247,0.130162,-0.857035,0.046895,0.020812,0.434810,0.058789,0.886829,0.765437,-2.139727,0.022562,,0.004387,0.017558,-0.308266,-0.246140,0.399897,-0.718801,
1979,107.94,5.65,14.86,0.185878,0.122835,0.1074,0.1206,0.1012,-0.0125,-0.0420,0.1204,0.098113,0.052344,0.053222,0.137669,0.380215,1.061950,-0.019200,0.013200,-0.029501,0.132939,0.220057,0.010514,0.011823,-0.018680,0.040241,-0.000371,0.011477,,,,0.032207,-1.581634,0.994470,,0.047137,0.044805,-0.024357,0.125684,-0.648202,0.028113,0.048376,0.432008,0.043950,0.934415,0.797509,-2.081752,0.030403,,0.004473,0.003769,1.070281,-0.244011,0.315897,-0.860136,
1980,135.76,6.16,14.82,0.325902,0.259841,0.1321,0.1514,0.1199,-0.0395,-0.0276,0.1549,0.116081,0.045374,0.043837,0.109163,0.415655,0.891503,-0.035000,0.019300,0.011965,0.125163,0.278024,0.026816,0.027342,-0.012945,0.037736,0.001020,0.015328,,,,0.030073,-1.805088,-0.952094,,0.009438,0.032791,-0.033277,0.131988,-0.359992,0.046180,0.059787,0.407269,0.111248,0.963826,0.916602,-2.335712,0.028116,,0.009534,0.038653,1.070281,-0.248257,0.284604,-0.278016,
1981,122.55,6.63,15.36,-0.048639,-0.096533,0.1423,0.1655,0.1334,0.0186,-0.0124,0.1085,0.153848,0.054100,0.052473,0.125337,0.431641,1.061143,0.024900,0.023200,-0.030932,0.089224,0.362175,0.011910,0.018131,-0.006465,0.039035,-0.001279,-0.020006,,,,0.028654,-1.560065,0.932861,,-0.048325,0.000000,-0.042088,0.130719,-0.771780,-0.042076,0.038265,0.460779,0.075877,0.854450,0.831986,-2.205321,0.019431,,-0.000050,-0.022523,-2.667391,-0.252672,0.227757,-0.813527,3.863813
1982,140.64,6.87,12.64,0.221406,0.153919,0.1183,0.1414,0.1095,0.4035,0.4256,0.0794,0.114356,0.048848,0.049589,0.089875,0.543513,0.932215,0.030100,0.023100,0.022115,0.038298,0.364754,0.002990,0.033441,-0.002794,0.033716,-0.001346,-0.039183,,,,0.027946,-1.785011,-0.721738,,-0.137711,-0.023591,-0.060026,0.133849,-0.197609,0.046162,0.043343,0.444334,0.077324,0.977572,0.977572,-2.509544,0.022767,,0.011625,-0.018737,1.070281,-0.258436,0.378474,-0.145897,3.819152
1983,164.93,7.09,14.03,0.222811,0.170127,0.1257,0.1375,0.1197,0.0065,0.0626,0.0900,0.087959,0.042988,0.042608,0.085066,0.505346,0.700359,0.029700,0.011800,0.056067,0.037910,0.430008,0.027057,0.017871,0.012757,0.035974,-0.001694,-0.017640,,,,0.028631,-1.687541,-0.349429,,-0.062312,0.001013,-0.057984,0.133051,0.086019,0.022040,0.036427,0.475040,0.096557,0.977812,0.977812,-2.576133,0.019484,,0.008419,0.026228,0.825204,-0.256766,0.155324,-0.356159,3.516526
1984,167.24,7.53,16.64,0.066899,0.018395,0.1213,0.1340,0.1170,0.1549,0.1686,0.0806,0.100475,0.045025,0.046033,0.099498,0.452524,0.733098,0.036400,0.012700,0.013677,0.039487,0.170737,-0.027197,0.016251,0.002425,0.039022,-0.001128,-0.016373,,,,0.031679,-1.507392,-0.402305,,-0.041509,-0.032967,-0.035306,0.119699,0.444565,-0.014369,0.098569,0.503927,0.105557,0.941654,0.941245,-2.416475,0.017086,,0.007734,0.000466,-0.504039,-0.257899,0.255040,-0.047297,3.029783
1985,211.28,7.90,14.61,0.319794,0.266198,0.1016,0.1158,0.0956,0.3097,0.3009,0.0710,0.078797,0.037391,0.039076,0.069150,0.540726,0.592693,0.024600,0.014200,-0.008803,0.037987,0.176455,-0.019465,0.010518,0.017045,0.038151,-0.001721,0.007059,,,,0.033315,-1.760772,-0.308043,,-0.053911,-0.109134,-0.046372,0.119521,0.452167,0.033365,0.038630,0.476146,0.076647,0.995860,0.995860,-2.760038,0.019644,,0.005758,0.005678,1.070281,-0.260128,0.209881,-0.262327,3.013564
1986,242.17,8.28,14.48,0.180654,0.138699,0.0849,0.0997,0.0789,0.2452,0.1985,0.0553,0.064184,0.034191,0.033224,0.059793,0.571823,0.498431,0.023600,0.014800,-0.046738,0.010979,0.164734,-0.011376,0.021676,0.009830,0.035257,-0.002240,0.024575,,,,0.033896,-1.657089,0.233997,,-0.065015,0.166557,-0.051835,0.114896,0.863018,0.011092,0.071346,0.475038,0.097411,0.969513,0.969513,-2.885558,0.018056,,0.007796,0.011357,0.801597,-0.264871,0.270997,0.442065,3.221184
1987,247.08,8.81,17.50,0.051558,0.016420,0.1011,0.1129,0.0920,-0.0272,-0.0027,0.0577,0.059246,0.035656,0.038254,0.070827,0.503429,0.508812,0.034300,0.011800,0.024490,0.044344,0.150407,0.013275,0.103327,0.022723,0.034680,-0.002701,0.060864,,,,0.034666,-1.797828,-0.734332,,-0.020088,-0.097785,-0.041955,0.118540,0.519640,0.024056,0.027954,0.432354,0.171478,0.712172,0.712172,-2.733597,0.037769,,0.005187,0.023835,-2.169487,-0.263609,0.654077,0.146485,3.349670
1988,277.72,9.75,23.75,0.169618,0.120568,0.0957,0.1065,0.0918,0.0967,0.1070,0.0807,0.064420,0.035107,0.035623,0.085518,0.410526,0.465284,0.011100,0.010800,0.010375,0.044194,0.114644,-0.021406,0.029262,0.023838,0.035066,-0.002291,0.065934,,,,0.034236,-1.406586,0.639391,,-0.018151,0.125326,-0.041984,0.122544,0.141861,0.074573,0.054173,0.507288,0.077465,0.993162,0.796560,-2.546217,0.019742,,0.006378,0.007210,1.070281,-0.260776,0.304493,0.280885,3.058538
1989,353.40,11.06,22.87,0.313707,0.267514,0.0886,0.0982,0.0816,0.1810,0.1623,0.0763,0.084528,0.031282,0.031952,0.064714,0.483384,0.390455,0.005300,0.009600,-0.018661,0.046473,0.097787,-0.012334,0.017239,0.034407,0.035166,-0.002929,0.041036,,,,0.034878,-1.544805,-0.719662,,-0.043441,0.098691,-0.047448,0.124112,0.190280,0.065133,0.030230,0.499104,0.124969,0.986312,0.986312,-2.813253,0.022906,,0.007124,0.003878,1.070281,-0.256885,0.390081,0.648473,2.940831
1990,330.22,12.09,21.34,-0.031922,-0.066186,0.0905,0.1043,0.0844,0.0617,0.0678,0.0674,0.078775,0.036600,0.037509,0.064624,0.566354,0.484497,0.017000,0.013800,0.006135,0.061063,0.078345,-0.001846,0.025450,0.033518,0.033511,-0.002338,0.022937,42.314358,,50.243900,0.035462,-1.549172,-0.789289,54.200000,-0.078482,-0.022680,-0.044099,0.127841,0.489048,0.031747,0.042628,0.536887,0.142968,0.877960,0.877960,-2.816877,0.026559,,-0.007756,-0.015363,-2.667391,-0.252944,0.331418,0.989170,2.761959
1991,417.09,12.20,15.97,0.306717,0.265983,0.0831,0.0926,0.0730,0.1926,0.1989,0.0407,0.059896,0.029257,0.032522,0.038289,0.764120,0.420344,0.032300,0.009500,0.006240,0.030643,0.152767,0.031812,0.020680,0.028910,0.031425,-0.001253,-0.008088,16.044359,,22.977100,0.035162,-1.698807,0.318911,16.700000,-0.093709,-0.113041,-0.047981,0.118914,0.164271,-0.019540,0.111235,0.508618,0.105043,1.000000,1.000000,-3.331089,0.039779,,-0.000960,0.002080,1.070281,-0.254946,0.282456,0.428512,3.050684
1992,435.71,12.39,19.09,0.077210,0.045916,0.0798,0.0881,0.0726,0.0805,0.0939,0.0322,0.037205,0.028425,0.028712,0.043814,0.648769,0.394110,0.040400,0.008300,0.013399,0.029007,0.150195,0.038829,0.009422,0.015591,0.032787,-0.001112,0.003756,4.956529,,10.253400,0.033400,-1.601408,-0.521220,5.200000,-0.076262,-0.021100,-0.050841,0.125247,0.293549,-0.031433,0.027191,0.498082,0.125720,0.967157,0.967157,-3.193319,0.021221,,0.007399,0.010187,1.070281,-0.250638,0.142271,0.649146,3.106628
1993,466.45,12.58,21.89,0.098914,0.068585,0.0693,0.0769,0.0654,0.1823,0.1319,0.0306,0.030825,0.026963,0.027235,0.046929,0.574555,0.305267,0.034800,0.007600,-0.050496,0.027484,0.144115,0.045727,0.007418,0.029733,0.034152,-0.001012,-0.006485,4.103057,,9.600900,0.032832,-1.655155,-0.627703,-20.000000,-0.065273,-0.086901,-0.051296,0.117744,0.596553,-0.044157,0.017853,0.475347,0.147812,0.989395,0.989395,-3.115218,0.023590,,0.003384,0.015601,1.070281,-0.250215,0.084069,0.362397,3.002754
1994,459.27,13.17,30.60,0.013610,-0.014877,0.0846,0.0910,0.0799,-0.0778,-0.0576,0.0560,0.038849,0.028676,0.029029,0.066627,0.430392,0.291568,0.023900,0.006400,0.020160,0.026749,0.120390,0.016594,0.009652,0.038739,0.035686,-0.000576,-0.023489,6.438903,,10.436600,0.032591,-1.624653,0.693175,-22.400000,-0.020680,-0.014424,-0.032205,0.117117,0.435285,-0.025849,0.023805,0.477869,0.157737,0.963824,0.963824,-2.783838,0.024306,,0.003926,0.020328,-0.277640,-0.251218,0.199563,0.395362,2.995726
1995,615.93,13.79,33.96,0.376854,0.342754,0.0682,0.0749,0.0603,0.3166,0.2720,0.0514,0.056353,0.022386,0.022776,0.055136,0.406007,0.255026,0.008900,0.006700,-0.044523,0.025384,0.121241,0.015527,0.006427,0.041388,0.036642,-0.000147,-0.021069,5.271044,,9.231800,0.031943,-1.709142,-0.681563,-5.200000,-0.016755,0.070392,-0.045770,0.122996,0.514897,-0.017756,0.021611,0.470528,0.141176,0.980955,0.980955,-2.953479,0.022315,,0.002377,0.008046,1.070281,-0.252428,0.112432,0.318061,2.838648
1996,740.74,14.90,38.73,0.232181,0.205370,0.0720,0.0789,0.0673,-0.0092,0.0140,0.0491,0.051672,0.020114,0.019681,0.052286,0.384689,0.207343,0.018200,0.006900,0.023200,0.033225,0.198666,0.024126,0.014078,0.046970,0.038824,-0.000397,0.003021,22.492321,0.009383,25.119800,0.033513,-1.714547,0.235727,-8.600000,0.021010,0.092827,-0.042470,0.130380,0.285804,-0.042407,0.038835,0.464815,0.190448,0.982832,0.982832,-3.012130,0.025494,0.038675,0.002997,0.013740,1.070281,-0.251461,0.191466,0.421411,3.049592
1997,970.43,15.50,39.72,0.336083,0.312675,0.0676,0.0732,0.0602,0.1587,0.1295,0.0516,0.050764,0.015969,0.016220,0.040930,0.390156,0.178801,0.008600,0.005600,-0.029165,0.017024,0.142700,0.015559,0.033200,0.047186,0.040220,-0.000889,0.023714,30.669827,0.010750,34.097400,0.032665,-1.733096,0.481669,-7.000000,0.080284,-0.077365,-0.049409,0.133711,0.482877,-0.057203,0.072557,0.479747,0.248278,0.957495,0.957495,-3.252359,0.034770,0.047774,0.006907,0.025333,1.070281,-0.249469,0.428907,0.766912,2.960846
1998,1229.23,16.20,37.71,0.293010,0.273920,0.0622,0.0723,0.0542,0.1307,0.1076,0.0439,0.050374,0.013175,0.013918,0.030678,0.429462,0.173611,0.010300,0.010100,-0.023148,0.016119,0.120659,0.020057,0.041258,0.037922,0.042104,-0.001034,0.017489,31.861181,0.011976,32.298600,0.033789,-1.615696,-0.550873,36.400000,0.096605,0.067722,-0.058373,0.132084,0.083504,-0.065899,0.040875,0.457400,0.280024,0.979429,0.979429,-3.529669,0.037322,0.047271,0.004435,0.013825,1.070281,-0.248631,0.228715,0.305501,3.937378
1999,1469.25,16.69,48.17,0.213508,0.197948,0.0755,0.0819,0.0682,-0.0899,-0.0745,0.0520,0.045972,0.011361,0.012018,0.032785,0.346523,0.147167,0.016200,0.006400,0.015356,0.026846,0.138456,0.017889,0.032678,0.040038,0.042574,0.000064,0.040400,34.154530,0.008405,35.708800,0.035514,-1.583282,0.409533,9.100000,0.129347,0.035786,-0.079810,0.145710,0.102620,-0.000138,0.069699,0.396955,0.150113,1.000000,1.000000,-3.478678,0.085356,0.051786,0.011805,0.017809,1.070281,-0.245625,0.154865,-0.188541,4.333039
2000,1320.28,16.27,50.00,-0.085093,-0.095481,0.0721,0.0802,0.0558,0.2149,0.1285,0.0577,0.057655,0.012324,0.012374,0.037871,0.325420,0.151852,-0.001900,0.008100,-0.086389,0.033868,0.140990,-0.002262,0.049217,0.037380,0.042940,-0.000525,0.054053,33.667107,0.009501,24.790400,0.034164,-1.702139,-0.583233,43.900000,0.119974,-0.204999,-0.096101,0.129948,-0.532127,-0.039611,0.009309,0.428679,0.255638,0.920146,0.920146,-3.324649,0.067534,0.061012,0.006283,-0.002725,-2.667391,-0.242116,0.128688,0.060931,4.031969
2001,1148.08,15.74,24.69,-0.119114,-0.130693,0.0677,0.0805,0.0575,0.0370,0.1064,0.0169,0.041411,0.013710,0.013814,0.021505,0.637505,0.131218,0.040600,0.012800,0.069339,0.015517,0.086543,0.013465,0.045606,0.030135,0.037531,-0.001336,0.043854,31.290174,0.005025,35.787300,0.035208,-1.764862,-0.916290,50.900000,0.051782,0.025694,-0.087376,0.133689,-0.786091,-0.062351,-0.009943,0.440341,0.194209,0.883892,0.854859,-3.889095,0.032308,0.045047,0.003497,-0.010943,-1.357642,-0.248356,0.214331,0.573321,3.592116
2002,879.82,16.07,27.59,-0.217776,-0.230561,0.0621,0.0745,0.0484,0.1784,0.1664,0.0119,0.017134,0.018270,0.017167,0.031359,0.582602,0.295386,0.036500,0.012400,-0.011999,0.023769,0.082028,0.025736,0.067692,0.010399,0.034090,-0.004144,0.039527,42.968784,0.008218,43.327800,0.035263,-1.748130,0.485034,20.000000,0.062899,0.161518,-0.049966,0.116962,-0.101361,-0.046085,0.069866,0.471054,0.222567,0.784338,0.711562,-3.501773,0.033614,0.072329,0.005228,-0.000513,-2.133504,-0.246544,0.384037,0.814066,3.367299
2003,1111.92,17.39,48.74,0.286921,0.263896,0.0562,0.0660,0.0515,0.0090,0.0527,0.0090,0.010491,0.015635,0.016429,0.043834,0.356689,0.218740,0.042500,0.009800,0.043766,0.018795,0.072423,0.006946,0.029261,0.010985,0.035068,,0.027695,16.923622,0.003586,20.793800,0.034552,-1.848475,-0.130005,0.000000,0.065434,0.071876,-0.049641,0.117661,-0.052939,-0.000854,0.013278,0.412696,0.032837,1.000000,0.891746,-3.169157,0.023222,0.029296,0.003334,0.009668,1.070281,-0.243455,0.244739,0.948997,3.511329
2004,1211.92,19.44,58.55,0.109690,0.087382,0.0547,0.0615,0.0484,0.0850,0.0872,0.0219,0.011952,0.016042,0.016563,0.048312,0.332058,0.270619,0.026500,0.006800,0.002238,0.032556,0.078297,0.013002,0.012291,0.013185,0.035904,,0.025755,5.005804,0.003005,8.961800,0.032804,-1.809228,-0.455671,-21.100000,0.084899,-0.117982,-0.044687,0.123592,0.233468,-0.014116,0.041323,0.445665,0.156292,0.993410,0.919818,-3.071510,0.019929,0.015169,0.007704,0.014182,1.070281,-0.240775,0.258381,1.018879,3.293739
2005,1248.29,22.22,69.83,0.052075,0.032873,0.0537,0.0632,0.0461,0.0781,0.0587,0.0389,0.028599,0.017797,0.017780,0.055941,0.318144,0.313478,0.007200,0.009500,-0.019353,0.034157,0.051071,0.003059,0.010541,0.032135,0.036421,,0.008902,3.475762,0.004683,7.147600,0.031935,-1.813816,-0.343464,-8.800000,0.094182,0.065062,-0.044474,0.138850,0.477434,0.033755,0.038008,0.459368,0.171591,0.979613,0.914230,-2.927196,0.014690,0.011822,0.003795,0.009129,-0.504039,-0.242796,0.241727,1.374473,3.476800
2006,1418.30,24.88,81.51,0.156802,0.135088,0.0532,0.0622,0.0491,0.0118,0.0324,0.0485,0.045763,0.017545,0.017766,0.057470,0.305288,0.281682,0.000600,0.009000,0.020596,0.025407,0.049123,-0.015037,0.010062,0.034180,0.037513,,0.001098,3.177323,0.005268,6.959300,0.031696,-1.834030,-0.549596,0.000000,0.100377,-0.033667,-0.037721,0.129705,0.512170,0.032655,0.031380,0.449164,0.099809,0.996210,0.996210,-2.901079,0.018652,0.011479,0.006203,0.002428,1.070281,-0.240269,0.164856,1.624183,3.516460
2007,1468.36,27.73,66.18,0.057185,0.037262,0.0549,0.0665,0.0450,0.0989,0.0259,0.0300,0.046513,0.018886,0.018723,0.045071,0.419034,0.250583,0.015000,0.011600,-0.073038,0.040813,0.077726,-0.040637,0.025360,0.030016,0.038253,,0.012737,25.319271,0.007704,18.136200,0.032011,-2.355015,-0.560379,19.200000,0.106816,0.082957,-0.044523,0.136682,0.437103,0.080578,-0.033712,0.441706,0.127134,0.936481,0.936481,-3.139694,0.020064,0.042799,0.001085,0.003218,-0.546789,-0.240374,0.404065,2.073606,3.762489
2008,903.25,28.39,14.88,-0.364596,-0.379608,0.0505,0.0843,0.0303,0.2586,0.0879,0.0003,0.018242,0.031428,0.031673,0.016474,1.907728,0.354984,0.030000,0.033800,-0.170721,0.000914,0.217404,-0.024498,0.168489,0.017467,0.033841,,-0.007081,84.764015,0.015547,-11.345700,0.031104,-2.146064,-0.519533,83.600000,-0.028184,-0.289078,-0.044130,0.122217,0.029311,-0.088068,-0.036770,0.435594,0.272156,0.672098,0.619603,-4.129893,0.046346,0.128690,-0.003264,-0.042750,-2.667391,-0.244496,0.652058,1.265479,4.282428
2009,1115.10,22.41,50.97,0.264802,0.232910,0.0526,0.0637,0.0458,-0.1490,0.0300,0.0005,0.001351,0.020092,0.020449,0.045709,0.439572,0.325531,0.045300,0.011100,0.178995,0.027213,0.197135,0.010594,0.074396,-0.008423,0.029637,,-0.038962,25.883081,0.004747,25.778000,0.030613,-1.642663,0.493761,14.000000,-0.068498,0.028501,-0.048843,0.124225,-0.760511,-0.114455,-0.018080,0.464012,0.094464,0.988580,0.736209,-3.120733,0.037194,0.039134,-0.000836,0.015540,1.070281,-0.250481,0.385814,0.904541,4.259144
2010,1257.64,22.73,77.35,0.151521,0.126974,0.0502,0.0610,0.0414,0.1014,0.1244,0.0014,0.001175,0.018073,0.019253,0.061504,0.293846,0.358100,0.039978,0.010800,0.022951,0.014957,0.129702,0.012612,0.032533,-0.009376,0.031620,,-0.052161,16.443985,0.003352,18.638300,0.029822,-1.511712,-0.362917,-10.500000,-0.022901,0.086305,-0.045234,0.136224,0.069348,-0.019975,0.103809,0.458564,0.106289,0.999321,0.817359,-2.821022,0.030895,0.027065,0.001418,0.004205,1.070281,-0.247182,0.336385,0.743224,4.691063
2011,1257.60,26.43,86.95,0.018231,-0.002846,0.0393,0.0525,0.0248,0.2710,0.1794,0.0001,0.000725,0.021012,0.021192,0.069140,0.303910,0.357233,0.024700,0.013200,-0.091566,0.029624,0.128186,-0.006497,0.053955,-0.004724,0.033837,,-0.066945,28.795353,0.005435,22.136200,0.028403,-1.857102,-0.452137,-5.900000,-0.007992,-0.015245,-0.040924,0.132406,0.250273,0.047422,0.051619,0.466084,0.213637,0.953712,0.862546,-2.691234,0.020795,0.044474,-0.002855,0.010398,-2.667391,-0.240648,0.619331,0.586695,4.769377
2012,1426.19,31.25,86.51,0.160961,0.134092,0.0365,0.0463,0.0241,0.0344,0.1067,0.0007,0.000725,0.021909,0.022064,0.060658,0.361195,0.349032,0.023400,0.009800,0.072362,0.017410,0.116498,-0.011549,0.016176,-0.008498,0.034450,,-0.081270,11.418256,0.002564,17.928000,0.026784,-1.500333,-0.302114,-7.600000,0.000601,0.037158,-0.038581,0.120661,0.030541,0.037005,0.074690,0.483684,0.221610,0.962821,0.925138,-2.819556,0.020057,0.030989,-0.000147,0.004922,1.070281,-0.236726,0.368940,0.282531,4.151612
2013,1848.36,34.99,100.20,0.325263,0.297248,0.0462,0.0538,0.0367,-0.1279,-0.0708,0.0007,0.000575,0.018931,0.019377,0.054210,0.349222,0.304408,0.036000,0.007600,0.057066,0.015017,0.128662,0.012144,0.012483,0.013184,0.035293,,-0.072828,7.783432,0.002057,9.565400,0.026144,-1.762560,-0.090028,-8.300000,0.011070,0.060724,-0.045368,0.121447,-0.002383,0.050891,0.058415,0.454810,0.053498,1.000000,1.000000,-2.943473,0.016929,0.017288,0.006452,0.006678,1.070281,-0.238150,0.312076,-0.098407,3.763380
2014,2058.90,39.44,102.31,0.135259,0.112102,0.0379,0.0474,0.0240,0.2474,0.1727,0.0003,0.000450,0.019157,0.019077,0.049692,0.385526,0.323756,0.023700,0.009500,-0.074676,0.007565,0.109321,0.005625,0.012930,0.006592,0.036410,,-0.038569,19.057377,0.003478,17.533100,0.026858,-1.857649,-0.325423,-10.500000,0.032072,-0.189415,-0.042480,0.117837,0.016613,-0.049017,0.001802,0.476530,0.215561,0.987225,0.987225,-3.023779,0.027056,0.030461,0.008382,0.005880,1.070281,-0.234700,0.400335,-0.113969,3.774100
2015,2043.94,43.39,86.53,0.014935,-0.006697,0.0397,0.0546,0.0243,-0.0064,-0.0101,0.0023,0.000250,0.021228,0.020855,0.042335,0.501420,0.313649,0.022000,0.014900,-0.003689,0.007295,0.103253,-0.022252,0.023910,-0.007011,0.035168,,-0.015960,14.181724,0.003797,9.122900,0.027579,-1.949323,-0.310939,7.400000,-0.024672,-0.081623,-0.048293,0.115597,-0.013917,-0.030756,-0.005069,0.486810,0.191862,0.951543,0.951543,-3.184296,0.026870,0.029006,0.001693,-0.013663,-0.489273,-0.232142,0.386302,-0.117411,3.795516
2016,2238.83,45.70,94.55,0.117976,0.093351,0.0406,0.0483,0.0272,0.0176,0.0670,0.0051,0.002703,0.020413,0.020784,0.042232,0.483349,0.293479,0.022100,0.007700,0.049397,0.020746,0.089542,-0.025108,0.017119,-0.006257,0.034912,,-0.021866,7.837351,0.002486,12.538600,0.028634,-1.266109,0.279796,1.500000,-0.033563,0.087836,-0.050345,0.122059,-0.055472,-0.034931,0.011259,0.482395,0.198314,0.989386,0.989386,-3.189175,0.027610,0.017627,0.001952,-0.000480,0.807148,-0.231537,0.173503,-0.505302,4.425706
2017,2673.61,48.93,109.88,0.219860,0.195310,0.0351,0.0422,0.0254,0.0623,0.1224,0.0132,0.008174,0.018302,0.018930,0.041098,0.445322,0.235393,0.012200,0.007100,0.060093,0.021091,0.077460,-0.019879,0.004563,-0.006707,0.035433,,0.001898,3.436215,0.002253,6.107300,0.029601,-1.252844,0.333117,-8.500000,-0.018634,0.053310,-0.045610,0.233830,0.088262,0.019120,-0.007496,0.511395,0.128265,0.995237,0.995237,-3.215513,0.023847,0.010176,0.006135,0.013981,1.070281,-0.229202,0.097627,-0.578886,4.115961
2018,2506.85,53.75,132.39,-0.044919,-0.063535,0.0402,0.0513,0.0284,-0.0056,-0.0474,0.0237,0.017741,0.021441,0.019473,0.052811,0.405984,0.268167,0.004700,0.011100,-0.041738,0.019102,0.081069,-0.019228,0.028855,-0.016725,0.035818,,0.013148,15.472471,0.006388,-4.003400,0.029138,-2.123744,0.281758,-15.900000,-0.002654,-0.110870,-0.045538,0.131169,0.214364,-0.029260,0.112224,0.462704,0.251320,0.869507,0.869507,-2.968937,0.026197,0.064129,0.001864,0.001293,-1.093071,-0.228565,0.490273,-1.000757,3.723098
2019,3230.78,58.24,139.47,0.314994,0.288991,0.0301,0.0388,0.0186,0.1217,0.1994,0.0154,0.022258,0.018027,0.018542,0.043169,0.417581,0.221430,0.003200,0.008700,0.077742,0.022851,0.093928,-0.007199,0.015758,-0.026226,0.035387,,0.013996,7.751521,0.003775,9.676300,0.029985,-1.513938,-0.062167,5.400000,-0.031326,0.098486,-0.053343,0.131735,-0.104136,-0.059238,0.010310,0.502750,0.187285,0.996271,0.996271,-3.161058,0.040862,0.017853,0.003966,-0.005519,1.070281,-0.229040,0.250365,-0.885821,3.119565
2020,3756.07,58.28,94.13,0.193039,0.171270,0.0226,0.0316,0.0093,0.1666,0.1539,0.0009,0.005256,0.015516,0.016092,0.025061,0.619131,0.216370,0.008400,0.009000,-0.012663,0.013620,0.129299,-0.000098,0.118727,-0.144457,0.032975,,-0.038651,29.987631,0.005314,31.623700,0.030499,-1.986431,,37.700000,-0.078062,0.064843,-0.062190,0.118615,0.185749,-0.006219,0.054608,0.455822,0.210775,1.000000,1.000000,-3.695709,0.039579,0.042189,0.012936,0.015742,1.070281,-0.247370,0.263776,-1.625369,6.401161
2021,4766.18,60.40,197.87,0.284754,0.266830,0.0265,0.0330,0.0147,-0.0543,-0.0265,0.0006,0.000500,0.012672,0.013225,0.041515,0.305236,0.175599,0.014100,0.006500,0.027749,0.070364,0.166105,0.012974,0.017331,-0.105336,0.033451,,0.024004,12.699518,0.003590,2.825500,0.028401,-1.268555,,-18.200000,-0.055851,0.136446,-0.040362,0.136578,0.306197,0.029630,0.007031,0.437169,0.352812,0.995880,0.995880,-3.196435,0.039121,0.024679,0.006637,0.010282,1.070281,-0.234003,0.251178,-2.476669,4.601179
2022,3839.50,66.92,172.75,-0.181886,-0.195288,0.0443,0.0559,0.0362,-0.1246,-0.1576,0.0425,0.012844,0.017430,0.016402,0.044993,0.387397,0.216199,-0.006300,0.011600,-0.032989,0.064544,0.047873,-0.021255,0.058112,-0.005056,0.034075,,0.021939,,0.007466,8.207700,0.028856,-1.298448,,39.100000,-0.056446,-0.002735,-0.031934,0.114043,,0.011762,0.015984,0.486084,0.345601,0.900749,0.900749,-3.136812,0.029554,0.045050,0.002301,-0.006223,-1.318418,-0.229618,0.493165,-2.610106,2.885452
2023,4769.83,70.30,192.43,0.266136,0.245616,0.0474,0.0564,0.0402,0.0405,0.0852,0.0524,0.049439,0.014739,0.015391,0.040343,0.365347,0.194280,-0.012200,0.009000,0.044654,0.033521,0.044939,-0.017441,0.017142,-0.021570,0.034337,,0.020774,,,,0.032486,-1.740966,,33.900000,-0.050582,-0.049200,-0.041582,0.122548,,0.045532,-0.000859,0.512984,0.220430,0.999455,0.999455,-3.249746,0.047735,,0.006636,-0.004405,0.807148,-0.231674,0.239842,-2.437727,3.285807
